YEAR,WEEK,% WEIGHTED ILI,%UNWEIGHTED ILI,AGE 0-4,AGE 5-24,AGE 65,ILITOTAL,NUM. OF PROVIDERS,TOTAL PATIENTS
2002,40,1.22262,1.16668,582,805,149,2060,754,176569
2002,41,1.33344,1.2165,683,872,127,2267,785,186355
2002,42,1.31929,1.13057,642,878,113,2176,831,192469
2002,43,1.49484,1.25246,728,1045,154,2599,863,207512
2002,44,1.47195,1.30237,823,1189,154,2907,909,223208
2002,45,1.58094,1.40551,887,1272,180,3225,930,229454
2002,46,1.49426,1.38437,851,1173,175,3097,923,223712
2002,47,1.40569,1.32563,802,1166,182,2967,922,223818
2002,48,1.6141,1.43475,834,978,186,2709,918,188814
2002,49,1.45967,1.25433,857,1117,206,3049,937,243078
2002,50,1.59896,1.25757,804,1179,182,2957,928,235136
2002,51,2.16697,1.58017,951,1404,212,3416,908,216179
2002,52,2.57842,1.98008,915,937,177,2857,865,144287
2003,1,2.38636,1.90428,1028,1019,251,3260,879,171193
2003,2,1.73621,1.5901,1068,1296,274,3729,926,234513
2003,3,2.06296,1.81559,1154,1798,241,4204,902,231550
2003,4,2.58113,2.41801,1373,2998,221,5696,927,235566
2003,5,2.93909,2.86635,1411,4064,282,7079,884,246969
2003,6,3.22539,3.16662,1606,4447,308,7782,889,245751
2003,7,3.06982,3.0155,1568,4224,291,7649,903,253656
2003,8,3.20044,2.9978,1694,3689,308,7228,871,241110
2003,9,2.44888,2.31957,1336,2583,287,5606,857,241683
2003,10,2.1344,1.94707,1015,2103,247,4450,839,228549
2003,11,1.99866,1.72985,880,1669,274,3810,835,220250
2003,12,1.93849,1.51837,737,1321,156,2987,795,196724
2003,13,1.41293,1.22616,624,1016,159,2439,775,198913
2003,14,1.23472,1.05433,506,846,135,2028,741,192349
2003,15,1.20005,1.07108,569,799,163,2082,735,194383
2003,16,0.910135,0.82612,440,539,106,1467,669,177577
2003,17,0.932265,0.820505,429,508,114,1445,682,176111
2003,18,0.692175,0.630846,275,444,84,1075,655,170406
2003,19,0.669406,0.63935,215,471,74,1005,613,157191
2003,20,0.727705,0.586609,248,283,70,836,547,142514
2003,21,0.717701,0.773024,264,262,45,740,406,95728
2003,22,0.789394,0.790743,213,205,44,641,393,81063
2003,23,0.722129,0.711847,201,195,34,563,344,79090
2003,24,0.591326,0.794637,198,187,55,620,341,78023
2003,25,0.52307,0.586604,139,123,34,423,322,72110
2003,26,0.450236,0.615982,122,124,32,441,322,71593
2003,27,0.397421,0.491507,109,91,24,318,310,64699
2003,28,0.448002,0.604341,137,141,43,441,308,72972
2003,29,0.474767,0.524478,98,98,53,365,301,69593
2003,30,0.453251,0.590692,112,139,48,420,302,71103
2003,31,0.352158,0.505135,100,120,39,361,290,71466
2003,32,0.525322,0.634271,136,125,46,443,295,69844
2003,33,0.492991,0.610118,120,131,37,421,283,69003
2003,34,0.542728,0.641227,159,144,27,450,277,70178
2003,35,0.490347,0.661429,166,155,30,463,276,70000
2003,36,0.735914,0.792681,177,182,36,519,271,65474
2003,37,0.581771,0.639059,145,184,24,475,267,74328
2003,38,0.654162,0.636732,136,183,26,461,264,72401
2003,39,0.749504,0.747829,135,221,34,533,268,71273
2003,40,0.884021,0.960873,808,881,146,2442,830,254144
2003,41,1.02773,1.04325,913,1132,191,2932,931,281045
2003,42,1.28296,1.0545,878,1147,195,3031,974,287436
2003,43,1.32661,1.11231,1006,1369,216,3475,1007,312412
2003,44,1.77304,1.41274,1207,2080,276,4690,1074,331980
2003,45,2.43814,1.72703,1542,2735,264,5790,1111,335258
2003,46,2.72605,2.407,2185,4133,310,8385,1141,348359
2003,47,3.73192,3.10962,2561,5684,471,11141,1129,358275
2003,48,4.54894,4.30779,3247,4933,672,11742,1118,272576
2003,49,5.39906,4.8303,4734,7817,1067,18948,1189,392274
2003,50,7.38735,6.42905,6620,11550,1219,24962,1173,388269
2003,51,7.48097,6.86734,6434,9851,1508,23699,1148,345097
2003,52,7.62797,7.06496,5336,5231,1331,16415,1122,232344
2003,53,5.14051,4.55115,3391,2894,1220,11332,1139,248992
2004,1,2.89129,2.41833,1930,2299,768,7602,1160,314349
2004,2,2.10429,1.80906,1679,1857,461,5583,1141,308614
2004,3,1.88696,1.71202,1721,1604,360,4961,1084,289774
2004,4,1.7766,1.5425,1487,1543,339,4436,1071,287586
2004,5,1.46001,1.43787,1454,1448,302,4251,1054,295646
2004,6,1.37787,1.32427,1420,1297,218,3824,986,288762
2004,7,1.30532,1.30726,1301,1255,259,3691,1004,282347
2004,8,1.08691,1.03698,956,1038,203,2916,948,281202
2004,9,0.991888,1.01032,925,910,227,2744,894,271597
2004,10,1.02765,1.05249,878,888,178,2708,897,257294
2004,11,1.0579,1.02009,730,826,175,2487,849,243802
2004,12,0.849361,0.924419,760,733,179,2300,859,248805
2004,13,0.747127,0.790645,610,611,142,1858,828,234998
2004,14,0.661708,0.80261,583,566,116,1705,774,212432
2004,15,0.679514,0.83613,545,573,131,1749,755,209178
2004,16,0.633071,0.792436,501,511,142,1615,679,203802
2004,17,0.569894,0.683588,470,404,108,1331,658,194708
2004,18,0.591357,0.757452,435,491,85,1394,629,184038
2004,19,0.589044,0.788585,449,443,74,1327,599,168276
2004,20,0.67864,0.812171,451,380,94,1262,553,155386
2004,21,0.637558,0.804463,375,349,66,1070,463,133008
2004,22,0.813309,0.877701,391,308,73,1061,452,120884
2004,23,0.834551,0.741453,355,309,66,987,443,133117
2004,24,0.616174,0.661022,307,240,46,851,426,128740
2004,25,0.513286,0.715109,277,284,81,887,423,124037
2004,26,0.351881,0.562241,238,183,62,698,408,124146
2004,27,0.542621,0.786808,233,205,62,710,381,90238
2004,28,0.581036,0.860658,249,280,80,836,378,97135
2004,29,0.495486,0.689944,259,200,38,659,370,95515
2004,30,0.61209,0.779691,260,230,40,719,363,92216
2004,31,0.531491,0.628144,213,235,60,733,345,116693
2004,32,0.519987,0.902459,243,256,63,809,334,89644
2004,33,0.574476,0.806443,256,256,58,770,335,95481
2004,34,0.663175,0.874888,259,265,44,799,333,91326
2004,35,0.614691,0.993213,279,358,71,960,326,96656
2004,36,0.656823,0.876141,281,309,60,913,337,104207
2004,37,0.723016,0.948092,342,413,68,1122,341,118343
2004,38,0.691857,0.926943,322,416,83,1089,336,117483
2004,39,0.782758,0.971643,333,382,82,1116,364,114857
2004,40,0.982275,0.897159,877,1256,185,3171,1176,353449
2004,41,1.01821,1.02248,1071,1373,216,3631,1187,355116
2004,42,1.1768,1.06296,1240,1534,226,4019,1267,378094
2004,43,1.30121,1.14696,1190,1671,285,4369,1293,380921
2004,44,1.27746,1.20495,1327,1718,291,4551,1302,377692
2004,45,1.40387,1.30517,1497,1874,319,4969,1344,380718
2004,46,1.40301,1.28699,1531,1874,299,4983,1336,387182
2004,47,1.73975,1.59468,1490,1678,271,4713,1341,295546
2004,48,1.56894,1.39714,1538,2059,376,5407,1369,387004
2004,49,1.65927,1.44996,1551,2052,375,5428,1346,374356
2004,50,1.81341,1.61745,1670,2071,371,5755,1379,355806
2004,51,2.37626,2.19112,1856,1807,418,5689,1288,259639
2004,52,2.77052,2.56649,2252,1993,621,7279,1332,283617
2005,1,2.40064,2.17645,2010,2450,712,8041,1383,369455
2005,2,2.54155,2.20171,2188,2982,611,8323,1342,378024
2005,3,2.85871,2.53012,2199,3682,608,9328,1348,368678
2005,4,3.55011,3.06524,2747,5364,725,12422,1334,405254
2005,5,4.58591,3.98061,3086,7650,958,16192,1303,406772
2005,6,5.05809,4.59568,3626,8854,1132,19369,1324,421461
2005,7,5.44151,4.75197,3834,8400,1182,19931,1330,419426
2005,8,4.4729,4.17962,3720,6759,1026,16630,1280,397883
2005,9,3.6752,3.45359,2997,5343,836,13234,1268,383196
2005,10,3.3353,3.15852,2728,4494,745,11601,1227,367292
2005,11,2.76224,2.6732,2416,3513,604,9502,1185,355454
2005,12,2.46844,2.35161,2145,2771,550,7900,1148,335940
2005,13,2.00081,1.89243,1827,2133,390,6329,1103,334438
2005,14,1.54319,1.5249,1422,1737,330,4816,1048,315823
2005,15,1.50195,1.41134,1356,1603,317,4445,1000,314948
2005,16,1.22918,1.25068,1096,1469,306,3825,978,305833
2005,17,1.21854,1.20702,1117,1411,224,3646,971,302065
2005,18,1.15832,1.07895,903,1136,189,2990,923,277120
2005,19,1.249,1.14521,979,1115,208,3012,878,263009
2005,20,1.16888,1.06124,805,926,200,2531,825,238494
2005,21,1.07888,1.0568,687,695,156,2056,687,194550
2005,22,1.23059,1.25193,693,678,160,2099,637,167661
2005,23,1.14747,1.01419,548,594,140,1744,603,171960
2005,24,1.00254,1.04197,573,507,125,1614,582,154899
2005,25,0.957569,0.954027,580,507,110,1628,587,170645
2005,26,0.894837,0.84823,497,452,84,1359,550,160216
2005,27,0.798205,0.841872,426,390,69,1198,533,142302
2005,28,0.757812,0.730894,389,361,75,1148,524,157068
2005,29,0.825963,0.713432,333,364,68,1068,507,149699
2005,30,0.744927,0.670677,328,327,56,990,492,147612
2005,31,0.787049,0.689278,331,326,58,982,488,142468
2005,32,0.684724,0.704929,319,350,57,1023,479,145121
2005,33,0.747361,0.615903,330,326,47,928,480,150673
2005,34,0.673974,0.609426,292,311,54,922,428,151290
2005,35,0.869662,0.680259,342,367,51,1033,420,151854
2005,36,0.899529,0.775488,338,396,63,1061,416,136817
2005,37,0.854635,0.683421,302,383,52,1026,408,150127
2005,38,1.01123,0.781075,368,516,50,1219,419,156067
2005,39,0.977808,0.806943,381,484,63,1204,447,149205
2005,40,1.17778,1.07635,1172,1256,234,3586,1113,333164
2005,41,1.21947,1.05869,1285,1247,197,3582,1160,338343
2005,42,1.3069,1.11523,1393,1525,212,4122,1216,369609
2005,43,1.33931,1.12381,1439,1599,213,4248,1237,377999
2005,44,1.58374,1.25489,1639,1894,282,5005,1280,398840
2005,45,1.47072,1.33661,1563,1929,295,5038,1272,376924
2005,46,1.6112,1.37864,1679,1951,315,5276,1277,382697
2005,47,1.82699,1.60829,1666,1593,294,4802,1301,298578
2005,48,1.77482,1.48311,1858,2176,349,5966,1325,402264
2005,49,1.94451,1.65374,1987,2463,387,6371,1328,385248
2005,50,2.35512,2.00679,2241,3063,396,7697,1318,383548
2005,51,3.10878,2.56857,2696,3058,530,8577,1287,333921
2005,52,3.28238,3.05278,2678,2561,721,8842,1273,289638
2006,1,2.62914,2.42504,2422,2366,734,8339,1319,343871
2006,2,2.2515,2.00195,2272,2921,534,7882,1339,393716
2006,3,2.35858,2.05869,2249,3150,460,7858,1297,381699
2006,4,2.41881,2.21277,2643,3646,544,9114,1331,411882
2006,5,2.52752,2.3222,2612,4153,498,9551,1320,411291
2006,6,2.64954,2.49279,2754,4593,537,10427,1311,418286
2006,7,3.12935,2.79489,2624,4979,631,11226,1288,401661
2006,8,3.12442,2.96911,2753,5284,791,11901,1288,400827
2006,9,3.13099,2.83959,2579,5008,767,11343,1275,399459
2006,10,3.08261,2.77799,2564,5106,678,11261,1257,405365
2006,11,2.64431,2.47287,2330,4154,607,9322,1241,376971
2006,12,2.42295,2.18061,1895,3709,541,8064,1217,369804
2006,13,2.31141,2.0168,1697,3393,478,7313,1165,362605
2006,14,1.86383,1.64101,1437,2660,342,5738,1133,349662
2006,15,1.44943,1.35829,1181,2014,285,4547,1087,334760
2006,16,1.30227,1.1428,959,1479,239,3550,1045,310641
2006,17,1.13459,1.04031,836,1382,180,3177,1017,305389
2006,18,1.06255,0.964347,745,1208,190,2780,958,288278
2006,19,1.03428,0.937982,745,1039,187,2592,919,276338
2006,20,1.01791,0.947449,715,969,162,2428,877,256267
2006,21,0.918151,0.891918,699,764,146,2061,783,231075
2006,22,0.93099,0.864643,572,561,108,1645,649,190252
2006,23,0.857294,0.97032,754,626,131,2075,635,213847
2006,24,0.786294,0.84439,514,447,81,1430,615,169353
2006,25,0.719426,0.77487,463,409,100,1300,610,167770
2006,26,0.718868,0.821372,466,390,92,1271,572,154741
2006,27,0.774807,0.872745,437,402,71,1215,565,139216
2006,28,0.76598,0.922635,549,511,108,1617,577,175259
2006,29,0.642809,0.899487,541,440,112,1553,564,172654
2006,30,0.622033,0.843082,502,403,128,1455,564,172581
2006,31,0.616326,0.881824,508,430,88,1428,551,161937
2006,32,0.685694,0.817145,473,435,82,1373,547,168024
2006,33,0.622697,0.8715,510,466,91,1457,536,167183
2006,34,0.611817,0.738621,404,379,76,1138,503,154071
2006,35,0.638831,0.797966,398,457,77,1224,488,153390
2006,36,0.806627,1.01394,492,506,69,1463,491,144289
2006,37,0.762448,0.880936,446,521,78,1406,487,159603
2006,38,0.813406,0.943366,511,534,80,1487,455,157627
2006,39,0.807934,0.891546,476,512,81,1433,469,160732
2006,40,1.15384,1.20322,1434,1699,264,4513,1323,375076
2006,41,1.14819,1.05788,1278,1602,200,4072,1361,384920
2006,42,1.22736,1.13054,1543,1830,265,4737,1425,419005
2006,43,1.21744,1.12552,1582,1996,224,4888,1445,434287
2006,44,1.32813,1.20808,1672,2270,281,5380,1473,445334
2006,45,1.47754,1.34952,2112,2393,314,6139,1497,454901
2006,46,1.5339,1.4689,2355,2681,290,6668,1474,453945
2006,47,1.91269,1.82767,2188,2202,357,6156,1488,336822
2006,48,1.838,1.6656,2573,2792,391,7530,1486,452089
2006,49,1.95376,1.85968,2643,3244,431,8122,1493,436741
2006,50,2.40407,2.38891,3270,4470,479,10396,1492,435177
2006,51,2.87453,2.78978,3387,4065,503,10192,1435,365334
2006,52,3.02597,3.11549,3243,2868,586,8913,1359,286087
2007,1,2.37817,2.26942,2927,2481,584,8386,1490,369521
2007,2,2.09232,1.86355,2507,2756,480,7761,1467,416464
2007,3,2.29396,1.99986,2548,3248,412,7909,1470,395477
2007,4,2.74501,2.4406,3410,4684,537,10888,1495,446119
2007,5,3.04434,2.83018,3456,5648,457,12120,1472,428241
2007,6,3.49999,3.12343,3840,6995,452,14197,1484,454533
2007,7,3.57851,3.27019,3879,6668,529,14031,1461,429057
2007,8,3.28979,3.17757,3728,6537,608,14048,1460,442099
2007,9,2.89149,2.72364,3016,5429,578,11801,1428,433281
2007,10,2.62075,2.50201,2798,4937,447,10715,1408,428255
2007,11,2.53387,2.4272,2668,4031,472,9597,1361,395394
2007,12,2.07251,1.96041,2049,3307,349,7562,1333,385735
2007,13,1.87084,1.5914,1664,2508,351,6148,1303,386327
2007,14,1.40042,1.36978,1445,1803,331,4958,1284,361955
2007,15,1.46887,1.36317,1429,1821,345,4869,1240,357183
2007,16,1.15514,1.1737,1257,1523,287,4179,1206,356055
2007,17,1.07901,1.06358,1152,1386,220,3695,1152,347413
2007,18,0.98492,0.969711,969,1143,210,3077,1119,317311
2007,19,1.03325,0.965362,917,1055,175,2860,1057,296262
2007,20,0.926649,0.856749,815,861,176,2442,1025,285031
2007,21,0.9201,0.863346,761,785,136,2243,925,259803
2007,22,0.954094,0.93537,722,652,130,2058,831,220020
2007,23,0.763278,0.745569,628,510,119,1679,796,225197
2007,24,0.81722,0.740428,598,469,134,1614,771,217982
2007,25,0.764586,0.672897,521,441,100,1456,749,216378
2007,26,0.793127,0.666282,514,408,102,1455,742,218376
2007,27,0.66909,0.662747,394,360,102,1169,711,176387
2007,28,0.62115,0.545619,366,372,52,1086,697,199040
2007,29,0.603659,0.586231,446,345,85,1211,698,206574
2007,30,0.649058,0.660687,477,392,96,1356,691,205241
2007,31,0.568338,0.534093,321,311,61,1037,677,194161
2007,32,0.651546,0.585549,389,385,78,1172,667,200154
2007,33,0.652176,0.618075,439,411,95,1283,666,207580
2007,34,0.803849,0.687465,495,457,88,1448,671,210629
2007,35,0.787458,0.715696,502,500,108,1526,652,213219
2007,36,0.943263,0.829313,519,545,73,1554,641,187384
2007,37,0.946932,0.800912,496,682,99,1694,638,211509
2007,38,0.987146,0.918484,609,681,121,1913,632,208278
2007,39,1.05206,0.814259,729,788,128,2228,703,273623
2007,40,0.995184,1.07197,2187,1997,290,5641,1373,526227
2007,41,1.22003,1.21786,2387,2433,303,6444,1429,529126
2007,42,1.28548,1.24576,2583,2551,352,6941,1449,557172
2007,43,1.3775,1.35984,2871,2788,375,7434,1477,546680
2007,44,1.46725,1.44671,3074,2998,368,7915,1485,547104
2007,45,1.55841,1.53286,3398,3303,377,8687,1539,566717
2007,46,1.61958,1.66653,3563,3290,471,9104,1516,546284
2007,47,1.8112,1.97488,3651,2631,476,8570,1523,433951
2007,48,1.61865,1.67305,3679,3158,413,9171,1513,548159
2007,49,1.62124,1.63405,3365,2907,392,8436,1487,516263
2007,50,1.67351,1.74595,3298,2694,402,8091,1453,463416
2007,51,1.95096,1.93643,3580,2724,459,8750,1420,451862
2007,52,2.50019,2.48905,3848,2348,522,8902,1426,357646
2008,1,2.43939,2.25405,3737,2568,670,9706,1486,430603
2008,2,2.29319,2.09147,3393,3644,816,11115,1509,531444
2008,3,2.62907,2.35934,3664,4900,595,12197,1511,516966
2008,4,3.92966,3.32331,4289,7661,722,17171,1508,516683
2008,5,4.99202,4.43381,5222,11974,1021,24812,1514,559609
2008,6,5.7776,5.34547,6059,15323,1302,31896,1526,596692
2008,7,5.98318,5.42258,6244,14336,1558,31625,1518,583210
2008,8,5.61677,5.30303,5922,12783,1728,30245,1497,570334
2008,9,4.53234,4.24456,4978,9958,1508,25027,1453,589626
2008,10,3.83249,3.628,4420,7849,1204,20254,1445,558269
2008,11,3.21522,3.03463,3878,6112,1048,16714,1412,550776
2008,12,2.69245,2.53595,3153,4493,874,13040,1395,514205
2008,13,2.03366,2.0573,2689,3395,796,10376,1379,504350
2008,14,1.65275,1.7415,2372,2697,642,8583,1327,492850
2008,15,1.3113,1.40652,2045,2354,486,7045,1318,500881
2008,16,1.1652,1.26861,1857,2013,407,6079,1288,479187
2008,17,1.02035,1.07719,1572,1713,323,4953,1208,459808
2008,18,0.877607,0.993445,1466,1416,235,4224,1147,425187
2008,19,0.825107,0.911212,1356,1381,208,4011,1098,440183
2008,20,0.787315,0.972109,1439,1274,211,3904,1074,401601
2008,21,0.805439,0.993258,1393,1116,211,3646,945,367075
2008,22,0.886061,1.09132,1473,1083,243,3803,869,348477
2008,23,0.743743,0.888446,1159,906,139,2933,789,330127
2008,24,0.706842,0.887691,1113,886,187,2906,764,327366
2008,25,0.655943,0.883187,1115,855,160,2842,755,321789
2008,26,0.633492,0.826756,937,810,133,2534,730,306499
2008,27,0.571837,0.783201,913,762,155,2405,713,307073
2008,28,0.558278,0.78061,881,749,132,2431,710,311423
2008,29,0.597893,0.769073,826,703,171,2319,696,301532
2008,30,0.577222,0.721298,779,704,131,2166,694,300292
2008,31,0.596987,0.752527,788,763,139,2289,676,304175
2008,32,0.564653,0.752721,679,706,216,2220,668,294930
2008,33,0.585682,0.792766,789,745,184,2368,657,298701
2008,34,0.503985,0.743896,730,754,134,2237,657,300714
2008,35,0.468139,0.814166,794,892,127,2429,636,298342
2008,36,0.576455,0.838401,774,880,144,2461,666,293535
2008,37,0.681361,0.851124,859,994,177,2788,685,327567
2008,38,0.794764,1.10976,1062,1527,188,3735,679,336560
2008,39,0.868116,1.03114,983,1306,179,3400,716,329731
2008,40,1.06828,1.02284,1535,2352,324,5687,1435,555999
2008,41,1.00756,1.03017,1861,2291,322,5959,1500,578446
2008,42,0.979399,1.01245,1869,2219,341,5896,1525,582351
2008,43,1.04943,1.08359,1976,2474,367,6485,1527,598473
2008,44,1.13218,1.16578,2119,2547,452,6987,1545,599343
2008,45,1.13156,1.1913,2276,2668,372,7297,1555,612526
2008,46,1.15469,1.28075,2512,2854,412,7667,1555,598635
2008,47,1.20448,1.27053,2600,2828,412,7733,1563,608646
2008,48,1.36081,1.59578,3024,2412,457,7634,1523,478386
2008,49,1.30322,1.4585,3114,2913,469,8708,1551,597052
2008,50,1.30204,1.49921,3252,3024,439,8689,1543,579573
2008,51,1.45109,1.62982,3137,2579,456,7812,1416,479318
2008,52,1.79927,2.15561,3897,2367,495,8706,1484,403876
2008,53,2.12134,2.02053,3814,2042,584,8603,1490,425780
2009,1,1.47138,1.54566,3245,2548,557,8956,1539,579428
2009,2,1.61555,1.64224,3142,3345,473,9289,1512,565631
2009,3,1.95333,1.96524,3602,4597,436,11456,1566,582932
2009,4,2.42907,2.34368,4039,6602,468,14324,1554,611176
2009,5,2.96686,2.86057,4606,8882,540,18268,1580,638613
2009,6,3.57354,3.3421,5064,11215,752,21667,1569,648304
2009,7,3.36653,3.20566,4848,9851,638,20022,1543,624583
2009,8,3.2962,3.10049,4694,10092,657,20450,1544,659573
2009,9,3.17227,2.95819,4420,9116,633,18441,1534,623389
2009,10,2.5804,2.46381,4046,7446,618,15711,1524,637672
2009,11,2.42922,2.19272,3657,6036,582,13277,1494,605503
2009,12,1.99028,1.87395,3237,5052,450,11400,1470,608342
2009,13,1.72423,1.64817,2829,4283,399,9669,1440,586651
2009,14,1.60355,1.49878,2577,3407,391,8460,1422,564460
2009,15,1.28418,1.29233,2371,2761,363,7222,1415,558837
2009,16,1.2932,1.27164,2353,2855,397,7348,1445,577836
2009,17,2.74012,2.98159,4821,8043,670,18627,1405,624734
2009,18,2.22391,2.43702,3920,6221,562,14578,1422,598189
2009,19,1.76657,2.2813,3236,5888,412,12554,1372,550300
2009,20,1.92171,3.81572,4188,12026,424,20774,1331,544432
2009,21,1.8611,4.21315,4496,12461,487,22394,1314,531526
2009,22,1.68423,3.17832,3865,8615,412,17105,1305,538177
2009,23,1.7393,2.50972,3072,5660,384,12392,1296,493761
2009,24,1.83001,2.06632,2623,4740,333,10780,1280,521701
2009,25,1.58128,1.71805,2299,3700,326,8801,1279,512268
2009,26,1.49172,1.55965,2145,2893,361,7422,1237,475877
2009,27,1.389,1.30856,1701,2481,293,6290,1246,480680
2009,28,1.34702,1.18695,1581,2437,238,5964,1248,502466
2009,29,1.16056,1.13796,1608,2285,231,5735,1248,503971
2009,30,1.2085,1.15005,1519,2199,294,5587,1254,485804
2009,31,1.15544,1.11262,1651,2082,263,5526,1230,496666
2009,32,1.14518,1.16142,1645,2321,265,5877,1234,506019
2009,33,1.4664,1.64107,2167,4210,396,8941,1286,544827
2009,34,2.38017,2.47166,2883,8253,443,14556,1320,588916
2009,35,3.44681,3.71969,3713,13114,541,21350,1358,573972
2009,36,4.05315,3.94975,4087,13407,520,22561,1367,571201
2009,37,4.26621,4.08756,4445,15326,652,26091,1380,638302
2009,38,4.21579,4.01897,4462,14152,588,24454,1313,608464
2009,39,4.8861,4.60362,4974,16291,564,27919,1331,606458
2009,40,6.06923,5.66087,9302,27406,903,48420,2056,855346
2009,41,7.09467,6.81522,11527,32585,1013,58196,2134,853912
2009,42,7.7151,7.61889,13187,39364,1070,69068,2162,906536
2009,43,7.55134,7.38836,13174,36860,1128,66411,2167,898860
2009,44,6.67118,6.33927,12161,30860,1074,57017,2197,899425
2009,45,5.20633,4.94349,10151,21112,978,42729,2191,864348
2009,46,4.04477,3.80996,8979,14652,883,32520,2157,853552
2009,47,3.49722,3.44106,7716,8237,771,22508,2146,654101
2009,48,2.69023,2.66773,7195,7988,818,21730,2122,814550
2009,49,2.47119,2.47183,6490,7218,715,19325,2093,781811
2009,50,2.44773,2.345,6275,5785,659,17081,2014,728401
2009,51,2.64594,2.71435,6078,4127,644,14575,1934,536961
2009,52,2.61567,2.67667,6598,3726,803,15613,1937,583299
2010,1,1.90712,1.98284,4998,3961,763,14299,1996,721138
2010,2,1.86738,1.82749,4877,4614,622,14088,2016,770895
2010,3,1.88072,1.92606,5399,5079,578,14757,2053,766177
2010,4,1.96908,1.92495,5333,5655,528,15122,2026,785580
2010,5,2.11387,2.08877,5816,6142,550,16037,1996,767773
2010,6,2.09695,2.03434,5496,5577,658,15381,1977,756068
2010,7,1.90294,1.97649,5388,5536,498,15065,1954,762208
2010,8,1.96951,1.99362,5040,6207,679,16087,1990,806925
2010,9,1.92331,1.85383,4281,5685,672,14486,1953,781411
2010,10,1.89659,1.8673,4612,5270,700,14354,1946,768702
2010,11,1.75181,1.69987,4063,4466,628,12601,1933,741293
2010,12,1.52632,1.49741,3625,4108,534,11191,1917,747358
2010,13,1.49572,1.45112,3408,3733,528,10359,1875,713863
2010,14,1.22313,1.20715,3090,2933,428,8813,1850,730068
2010,15,1.17754,1.17415,3117,3110,404,8801,1831,749563
2010,16,1.09112,1.16207,2921,3044,414,8362,1765,719580
2010,17,1.11958,1.17213,3081,2972,395,8440,1755,720054
2010,18,1.08169,1.12168,2781,2901,365,7914,1710,705551
2010,19,1.12497,1.14981,2851,2645,347,7697,1664,669414
2010,20,1.06197,1.13328,2816,2553,372,7603,1624,670887
2010,21,1.08909,1.08171,2636,2188,349,6853,1497,633532
2010,22,1.1776,1.19959,2413,2172,335,6595,1421,549773
2010,23,0.97493,0.952808,2147,1831,322,5755,1435,604004
2010,24,0.987132,0.916032,1975,1784,240,5316,1405,580329
2010,25,0.995991,0.926582,2027,1779,249,5334,1384,575664
2010,26,0.904726,0.86962,1754,1541,238,4718,1347,542536
2010,27,0.941927,0.903133,1753,1566,222,4691,1353,519414
2010,28,0.880415,0.773776,1458,1450,209,4234,1284,547187
2010,29,0.842615,0.742774,1323,1335,198,3950,1265,531790
2010,30,0.858382,0.730934,1290,1279,174,3850,1250,526723
2010,31,0.83383,0.786882,1381,1357,209,4077,1241,518121
2010,32,0.847437,0.763051,1378,1307,214,4008,1212,525260
2010,33,0.888273,0.841043,1485,1592,198,4518,1225,537190
2010,34,0.765372,0.791573,1520,1592,202,4420,1235,558382
2010,35,0.91858,0.912732,1564,1866,204,5007,1170,548573
2010,36,1.01432,1.03398,1850,1959,234,5493,1198,531250
2010,37,1.01233,0.934009,1720,2118,253,5510,1210,589930
2010,38,1.11803,1.08189,2134,2510,326,6741,1206,623077
2010,39,1.11806,1.06563,1995,2383,294,6387,1254,599366
2010,40,1.10939,1.13505,2627,3142,400,8473,1838,746485
2010,41,1.24341,1.25256,2953,3522,444,9347,1875,746230
2010,42,1.25726,1.2457,3044,3641,411,9684,1907,777397
2010,43,1.25734,1.26774,3226,3822,420,9904,1929,781234
2010,44,1.43414,1.43723,3451,4397,455,11020,1947,766753
2010,45,1.51838,1.53341,3927,4679,511,11807,1940,769982
2010,46,1.61617,1.69445,4416,5322,497,13336,1921,787038
2010,47,1.84378,1.9915,4598,4145,550,12079,1938,606527
2010,48,1.72535,1.81305,5045,4978,619,13997,1964,772016
2010,49,1.87923,2.01426,5060,5867,627,14958,1936,742606
2010,50,2.3371,2.55659,6300,7194,650,18022,1916,704923
2010,51,3.03533,3.38185,7295,7071,838,19899,1840,588406
2010,52,3.136,3.43172,7478,5764,1068,20346,1887,592880
2011,1,2.53336,2.69151,6584,6342,1059,20026,1923,744043
2011,2,2.91288,2.91063,6238,7773,953,20721,1921,711908
2011,3,3.44497,3.49232,7247,11243,938,26257,1964,751850
2011,4,4.16185,4.0037,8007,15291,931,31975,1947,798637
2011,5,4.55159,4.43534,8195,16366,1197,34284,1970,772974
2011,6,4.46504,4.24215,8036,16516,1096,34456,1961,812230
2011,7,4.55124,4.39719,8172,17493,1293,36567,1910,831600
2011,8,4.0822,3.90256,7839,13718,1267,31277,1908,801449
2011,9,3.38812,3.15073,6376,10496,1146,24627,1860,781629
2011,10,2.99142,2.72422,5691,8427,899,20377,1829,747993
2011,11,2.61542,2.33336,5363,6702,804,17309,1823,741807
2011,12,2.09065,1.925,4400,5489,613,14031,1790,728883
2011,13,1.86146,1.75243,4189,5025,622,12957,1770,739375
2011,14,1.61377,1.57704,3701,4557,508,11498,1723,729089
2011,15,1.42199,1.35766,3164,3562,450,9391,1681,691707
2011,16,1.3382,1.31223,3139,3064,428,8695,1651,662612
2011,17,1.19995,1.14937,2895,2673,383,7830,1612,681240
2011,18,1.14889,1.11451,2532,2553,393,7307,1585,655627
2011,19,1.12194,1.10984,2551,2595,351,7236,1556,651983
2011,20,1.06712,1.0524,2353,2280,305,6530,1516,620485
2011,21,1.05058,1.03536,2213,2110,299,6072,1381,586460
2011,22,1.15203,1.11777,2249,1980,307,5946,1357,531954
2011,23,0.970975,0.982949,2040,1760,278,5547,1296,564322
2011,24,0.894683,0.925194,1812,1599,262,4989,1279,539238
2011,25,0.843568,0.835531,1604,1422,244,4448,1251,532356
2011,26,0.815409,0.832393,1472,1462,210,4218,1225,506732
2011,27,0.823052,0.855591,1423,1269,224,4009,1211,468565
2011,28,0.674635,0.706949,1255,1206,188,3721,1220,526346
2011,29,0.631883,0.694387,1243,1184,178,3597,1203,518011
2011,30,0.641513,0.687976,1251,1188,169,3538,1179,514262
2011,31,0.529813,0.644743,1088,1125,151,3202,1175,496632
2011,32,0.644089,0.67533,1207,1223,158,3523,1175,521671
2011,33,0.667718,0.72823,1342,1358,166,3874,1191,531975
2011,34,0.705668,0.806526,1505,1600,220,4444,1195,551005
2011,35,0.804155,0.860408,1528,1781,213,4717,1200,548228
2011,36,0.907804,0.936075,1622,1809,185,4813,1184,514168
2011,37,1.00555,0.966683,1788,2206,205,5567,1196,575887
2011,38,1.03601,0.996007,1816,2264,242,5822,1201,584534
2011,39,1.07583,1.10846,2248,2514,244,6708,1213,605162
2011,40,1.16092,1.20345,3106,3485,377,9365,1850,778182
2011,41,1.19785,1.23777,3317,3667,370,9803,1883,791987
2011,42,1.27926,1.25259,3324,3837,379,9958,1905,794995
2011,43,1.29194,1.30546,3453,4035,380,10298,1900,788840
2011,44,1.42824,1.45295,3634,4658,387,11396,1925,784334
2011,45,1.39803,1.44089,3949,4348,456,11496,1946,797839
2011,46,1.45831,1.46221,3923,4361,474,11721,1900,801594
2011,47,1.56548,1.65573,4125,3340,430,10377,1918,626731
2011,48,1.34313,1.46606,4237,3955,413,11479,1904,782984
2011,49,1.48139,1.51811,3995,4040,442,11187,1898,736905
2011,50,1.63398,1.66429,4579,4097,546,12137,1872,729258
2011,51,1.83126,1.85274,5016,3535,521,11958,1851,645424
2011,52,2.10451,2.12413,5243,3184,668,12356,1821,581697
2012,1,1.73625,1.76709,4514,3393,715,11992,1891,678631
2012,2,1.55066,1.5434,4059,3636,611,11543,1883,747894
2012,3,1.62891,1.64762,4364,4030,498,11939,1887,724623
2012,4,1.76038,1.6843,4766,4802,513,13209,1891,784244
2012,5,1.92728,1.86354,5218,5336,564,14448,1885,775298
2012,6,1.91994,1.86408,5028,5555,565,14624,1875,784516
2012,7,2.09951,2.01839,5277,5994,667,15929,1884,789193
2012,8,2.23973,2.10385,5246,5990,761,16137,1853,767022
2012,9,2.21921,2.09555,5219,6239,766,16518,1826,788242
2012,10,2.16693,2.10398,4811,6493,629,15763,1816,749198
2012,11,2.38913,2.2941,5175,6768,701,17150,1819,747570
2012,12,1.96466,1.92223,4422,5683,609,14524,1780,755579
2012,13,1.84229,1.74239,3807,5256,549,13017,1753,747079
2012,14,1.68674,1.67601,3582,4631,572,11930,1729,711808
2012,15,1.53136,1.49637,3253,4059,544,10732,1707,717202
2012,16,1.37912,1.38202,3001,4020,393,10123,1699,732480
2012,17,1.29515,1.28926,2638,3802,435,9370,1675,726772
2012,18,1.39521,1.35803,2509,3671,455,8999,1564,662649
2012,19,1.32522,1.30833,2524,3468,419,8576,1546,655492
2012,20,1.23059,1.26692,2465,3087,375,8062,1503,636347
2012,21,1.23028,1.27731,2545,3011,378,7878,1415,616765
2012,22,1.26877,1.2991,2480,2601,350,7153,1409,550614
2012,23,1.10782,1.16297,2336,2352,338,6765,1365,581700
2012,24,1.09559,1.08612,2231,2024,300,6133,1289,564670
2012,25,1.11031,1.0568,2259,1974,285,6048,1295,572296
2012,26,1.10616,1.07871,2168,1850,288,5786,1260,536380
2012,27,1.10816,1.04662,1911,1706,273,5291,1271,505533
2012,28,0.999444,0.928152,1913,1751,220,5185,1240,558637
2012,29,0.924199,0.901936,1818,1640,241,4931,1223,546713
2012,30,0.949257,0.915356,1752,1721,283,5103,1250,557488
2012,31,0.978903,0.952548,1728,1706,267,5159,1240,541600
2012,32,0.925024,0.916661,1660,1718,284,5026,1248,548294
2012,33,0.848456,0.901787,1721,1755,232,5051,1238,560110
2012,34,1.04451,1.03315,2098,2128,296,6141,1238,594395
2012,35,1.0986,1.05238,1958,2335,277,6318,1238,600354
2012,36,1.22071,1.12713,1886,2294,318,6296,1242,558585
2012,37,1.24976,1.1866,2176,2870,415,7382,1252,622114
2012,38,1.22892,1.21415,2295,2972,348,7656,1268,630563
2012,39,1.29393,1.25198,2421,2867,398,7807,1248,623572
2012,40,1.23034,1.20559,2773,3691,415,9395,1932,779285
2012,41,1.3278,1.31929,2960,4007,489,10158,1940,769959
2012,42,1.33995,1.32737,3202,4233,488,10585,1968,797444
2012,43,1.37842,1.36688,3346,4268,516,10913,1958,798388
2012,44,1.50085,1.50535,3326,4422,484,11061,1929,734781
2012,45,1.65163,1.61273,3733,5145,541,12674,1974,785871
2012,46,1.76746,1.75208,4034,5526,597,13623,1966,777534
2012,47,2.30609,2.33365,4651,5387,683,14650,1968,627772
2012,48,2.16324,2.2268,5102,7018,953,18521,2006,831730
2012,49,2.83038,2.97657,6486,10857,1071,24877,2006,835762
2012,50,3.43761,3.62552,7446,12945,1262,29432,1977,811800
2012,51,4.30554,4.5532,8546,13971,1648,34332,1908,754019
2012,52,6.06082,6.02598,9709,11391,2554,36588,1905,607171
2013,1,4.64931,4.96368,8444,9108,2792,34103,1982,687051
2013,2,4.32584,4.69072,8297,13424,2796,39896,1995,850531
2013,3,4.51113,4.70473,8633,15992,2316,39441,2008,838326
2013,4,4.2171,4.1646,7441,13439,1765,32426,1978,778610
2013,5,3.78956,3.69533,6609,12653,1574,29808,1963,806640
2013,6,3.29206,3.2363,5757,10816,1207,24987,1931,772086
2013,7,3.0197,2.89421,5289,9395,1045,22321,1926,771229
2013,8,2.71499,2.71742,5099,8415,1023,20519,1940,755092
2013,9,2.4845,2.52297,4633,7981,968,19231,1893,762238
2013,10,2.57808,2.55227,4791,7709,858,18829,1884,737736
2013,11,2.39237,2.43225,4480,7065,889,17392,1846,715059
2013,12,2.06778,2.10851,3957,6095,741,15254,1825,723449
2013,13,1.90281,1.94725,3830,5204,632,13714,1811,704276
2013,14,1.65902,1.74859,3516,4299,675,12273,1769,701881
2013,15,1.43006,1.49713,3110,3929,603,10818,1742,722583
2013,16,1.27757,1.32313,2707,3509,491,9188,1732,694415
2013,17,1.19009,1.22647,2588,3364,425,8589,1711,700300
2013,18,1.09556,1.19614,2439,3142,370,7986,1675,667648
2013,19,1.08589,1.19049,2422,2877,361,7704,1630,647130
2013,20,1.07343,1.17426,2431,2583,393,7317,1582,623114
2013,21,1.01677,1.13342,2230,2219,368,6589,1489,581338
2013,22,1.04847,1.14306,2109,2094,357,6190,1486,541528
2013,23,0.920349,1.00881,1983,1779,330,5638,1421,558875
2013,24,0.920779,1.02358,1969,1713,277,5539,1419,541138
2013,25,0.904333,1.00138,1877,1766,302,5474,1405,546643
2013,26,0.83057,0.909498,1703,1581,285,4915,1389,540408
2013,27,0.862837,0.950042,1594,1489,251,4506,1357,474295
2013,28,0.732182,0.829299,1576,1491,219,4510,1362,543833
2013,29,0.724558,0.802109,1432,1405,185,4186,1341,521874
2013,30,0.740848,0.806333,1416,1464,221,4233,1325,524969
2013,31,0.726037,0.796937,1216,1284,184,3886,1290,487617
2013,32,0.755639,0.779136,1367,1338,198,4075,1299,523015
2013,33,0.761847,0.797653,1364,1366,188,4168,1276,522533
2013,34,0.779896,0.825485,1331,1561,232,4317,1265,522965
2013,35,0.899138,0.935469,1499,1814,316,5053,1260,540157
2013,36,0.999524,1.04345,1681,2035,311,5626,1317,539175
2013,37,1.0558,1.09107,1926,2437,354,6374,1307,584196
2013,38,1.0967,1.20108,2175,2683,365,7110,1290,591969
2013,39,1.24709,1.26179,2393,2963,459,7963,1364,631088
2013,40,1.15746,1.13249,2974,3769,456,9677,1960,854487
2013,41,1.27184,1.21121,3276,3925,533,10420,1990,860298
2013,42,1.31623,1.25682,3483,3880,500,10658,2018,848016
2013,43,1.37444,1.37097,3930,4484,514,12036,2027,877917
2013,44,1.46781,1.42956,4045,4642,531,12502,2028,874537
2013,45,1.5834,1.53588,4434,5062,538,13498,2017,878845
2013,46,1.60253,1.60267,4643,5000,578,13927,2054,868987
2013,47,1.72344,1.73267,4835,5579,583,15168,2012,875411
2013,48,2.11076,2.09858,4937,4313,639,13975,2042,665926
2013,49,2.1708,2.21374,5549,6579,865,18920,2055,854664
2013,50,2.36971,2.41674,5501,7046,802,19398,2054,802651
2013,51,3.15997,3.03071,6555,8406,939,24697,2009,814891
2013,52,4.59053,4.38724,7814,7485,1316,26988,2007,615148
2014,1,4.28195,4.2112,7488,6726,1750,28654,2033,680424
2014,2,3.56288,3.46492,6233,7881,1622,28147,2059,812343
2014,3,3.36378,3.31698,6007,9517,1606,28370,2049,855297
2014,4,3.39659,3.2407,5878,8858,1332,25502,2062,786928
2014,5,3.11922,2.88598,5133,8714,1203,23484,2051,813726
2014,6,2.83572,2.62172,4729,7711,1125,21085,2051,804244
2014,7,2.48484,2.34067,4210,6717,969,18195,2018,777340
2014,8,2.2741,2.12059,4250,6121,873,17234,2025,812700
2014,9,2.07244,1.91094,3953,5875,890,15914,1978,832786
2014,10,1.98207,1.9023,3775,5575,792,15044,1944,790831
2014,11,1.82441,1.76619,3616,5022,816,14024,1904,794024
2014,12,1.82036,1.85791,3798,5611,810,14926,1922,803374
2014,13,1.75391,1.82094,3523,5812,772,14661,1887,805133
2014,14,1.74542,1.83453,3582,5659,807,14637,1866,797863
2014,15,1.67236,1.75446,3574,5587,786,14206,1845,809707
2014,16,1.51659,1.51636,3130,4279,710,11723,1810,773101
2014,17,1.44778,1.40334,2846,3770,658,10814,1771,770592
2014,18,1.29028,1.2593,2501,3591,559,9648,1746,766139
2014,19,1.37388,1.32482,2789,3615,528,9775,1714,737834
2014,20,1.34208,1.27576,2544,3256,532,9033,1660,708049
2014,21,1.34563,1.29483,2733,3068,483,8797,1570,679395
2014,22,1.21291,1.2261,2528,2459,504,7658,1554,624582
2014,23,1.19291,1.14538,2383,2349,398,7229,1461,631143
2014,24,1.14146,1.0678,2227,2181,401,6783,1461,635233
2014,25,1.06503,1.07269,2159,2009,388,6369,1392,593740
2014,26,1.12669,1.01298,2049,1917,328,6038,1411,596063
2014,27,0.947353,0.994705,1865,1688,308,5352,1388,538049
2014,28,0.944187,0.880862,1758,1623,351,5295,1394,601116
2014,29,0.934822,0.858173,1582,1621,361,5083,1376,592305
2014,30,0.81736,0.805152,1455,1450,334,4765,1372,591814
2014,31,0.852792,0.818781,1450,1655,326,4942,1378,603580
2014,32,0.746994,0.783735,1460,1528,273,4744,1382,605307
2014,33,0.761098,0.848703,1528,1631,311,4980,1369,586778
2014,34,0.767627,0.834146,1569,1813,315,5305,1371,635980
2014,35,0.862176,0.905981,1684,2184,307,5799,1353,640080
2014,36,0.984907,1.04506,1753,2258,302,6050,1352,578913
2014,37,1.16287,1.16816,2300,3316,396,8130,1401,695966
2014,38,1.22731,1.27649,2535,3650,393,8888,1405,696282
2014,39,1.2071,1.29758,2522,3447,428,8874,1407,683887
2014,40,1.16191,1.20612,2958,3994,527,10150,1937,841540
2014,41,1.30905,1.32485,3055,4437,548,10977,1960,828544
2014,42,1.37072,1.41192,3442,4728,580,11941,2000,845727
2014,43,1.43373,1.42547,3455,4955,531,12292,2008,862314
2014,44,1.42791,1.43909,3632,5102,530,12313,2053,855608
2014,45,1.61605,1.61532,4277,5799,565,13853,2058,857601
2014,46,1.65976,1.66473,4424,5816,588,14062,1997,844700
2014,47,2.05459,2.0058,4740,7322,642,16674,2058,831289
2014,48,2.53541,2.62227,5432,6848,880,17602,2067,671251
2014,49,2.54253,2.60749,6185,9106,1224,22905,2097,878430
2014,50,3.60563,3.4178,7424,13050,1441,29172,2069,853532
2014,51,4.90976,4.46555,9270,16418,2103,37382,2016,837119
2014,52,5.98221,6.11497,10363,13951,3519,40533,1984,662849
2014,53,5.47421,5.30979,9732,9406,4117,36891,1983,694773
2015,1,4.21374,4.07898,7160,9589,3048,31483,1958,771835
2015,2,4.21022,3.93762,7044,11966,2339,31204,1971,792459
2015,3,4.25968,4.15076,7840,13949,2030,33221,1966,800359
2015,4,3.97761,3.87899,7118,13159,1915,30621,1955,789407
2015,5,3.63443,3.45794,6656,12093,1654,28151,1950,814097
2015,6,3.26527,3.06359,6429,10328,1505,25218,1917,823153
2015,7,2.93083,2.82646,5537,8164,1271,21109,1907,746836
2015,8,2.54474,2.3599,4823,7280,1249,19178,1934,812660
2015,9,2.47227,2.33472,4639,7116,1076,18441,1912,789858
2015,10,2.35665,2.21286,4710,6748,1067,17833,1907,805881
2015,11,2.17008,2.07619,4559,6084,997,16695,1883,804117
2015,12,2.04297,2.01267,4418,6003,931,16122,1848,801027
2015,13,1.954,1.94192,4174,5623,889,14975,1819,771143
2015,14,1.72287,1.74809,3903,4634,878,13733,1820,785602
2015,15,1.53694,1.50367,3448,4214,774,12044,1813,800974
2015,16,1.38283,1.43494,3182,4011,640,10860,1768,756827
2015,17,1.46265,1.45673,3203,4280,602,11095,1753,761638
2015,18,1.38934,1.42836,3106,4079,589,10694,1735,748690
2015,19,1.3468,1.35297,2805,3641,602,9671,1688,714799
2015,20,1.25452,1.33093,2754,3296,470,9024,1622,678023
2015,21,1.21636,1.28422,2593,2714,493,7913,1579,616171
2015,22,1.16734,1.13889,2211,2345,462,6946,1505,609891
2015,23,1.04654,1.10343,2109,2284,456,6744,1455,611184
2015,24,0.943661,0.970748,1734,2046,408,5850,1459,602628
2015,25,0.935046,0.998681,1897,1921,429,5913,1445,592081
2015,26,0.934726,0.978057,1678,1701,380,5232,1417,534938
2015,27,0.864118,0.866431,1546,1675,371,5116,1428,590468
2015,28,0.806535,0.827757,1487,1609,341,4870,1411,588337
2015,29,0.742747,0.797572,1383,1498,321,4626,1401,580010
2015,30,0.737859,0.811221,1415,1459,300,4605,1352,567663
2015,31,0.743224,0.821165,1392,1590,325,4753,1364,578812
2015,32,0.805251,0.819435,1330,1667,291,4750,1340,579668
2015,33,0.816943,0.848041,1429,1815,359,5173,1356,609994
2015,34,0.814518,0.888524,1687,2033,354,5648,1362,635661
2015,35,0.86067,0.962826,1636,2292,324,5963,1354,619323
2015,36,0.886704,1.02252,1714,2169,329,5970,1349,583853
2015,37,1.00845,1.08392,1993,2744,397,7062,1369,651524
2015,38,1.06625,1.17724,2178,2947,432,7704,1367,654414
2015,39,1.05995,1.1716,2170,2746,404,7626,1332,650904
2015,40,1.22559,1.24325,2849,3693,621,10049,1963,808287
2015,41,1.31066,1.3234,3016,4007,678,10715,1976,809660
2015,42,1.3711,1.40399,3263,4360,653,11584,1995,825079
2015,43,1.39171,1.37629,3141,4148,694,11164,1999,811165
2015,44,1.43712,1.46866,3563,4783,692,12423,2048,845875
2015,45,1.50165,1.533,3746,4725,745,12676,2028,826877
2015,46,1.59805,1.60841,3960,5076,766,13484,2023,838344
2015,47,1.89668,1.90047,3974,4073,703,12158,2000,639738
2015,48,1.67728,1.73645,4469,5076,829,14617,2040,841777
2015,49,1.78296,1.81945,4575,5384,873,14986,2020,823657
2015,50,1.87336,1.96571,5135,5105,943,15396,2000,783227
2015,51,2.32148,2.42021,5377,4317,1013,14839,1978,613128
2015,52,2.40991,2.41083,5700,4011,1180,15679,1949,650356
2016,1,1.94328,1.98859,4775,4494,1157,15654,2004,787192
2016,2,1.99796,1.98985,4574,5362,1021,15517,2005,779809
2016,3,2.11829,2.1071,4804,5380,954,15661,2008,743249
2016,4,2.25112,2.19256,5088,6882,1007,18143,2026,827482
2016,5,2.37116,2.30014,5135,7353,1072,18944,2007,823602
2016,6,2.80035,2.67574,5645,8434,1179,21774,2000,813755
2016,7,3.16475,3.02427,5997,9325,1370,24681,1993,816098
2016,8,3.15183,3.11328,6299,10127,1390,26423,1956,848718
2016,9,3.3321,3.32788,6619,11415,1440,28468,1952,855439
2016,10,3.56024,3.5918,6660,11856,1630,30481,1922,848628
2016,11,3.05479,3.09262,5574,9334,1471,24894,1898,804948
2016,12,2.76732,2.78803,5187,8489,1282,21940,1900,786936
2016,13,2.44161,2.52371,4581,7392,1201,19603,1832,776752
2016,14,2.03348,2.12928,3707,6403,1130,16769,1813,787543
2016,15,1.98593,2.05142,3572,6595,1031,16261,1805,792672
2016,16,1.91514,1.98957,3515,6357,945,15437,1774,775895
2016,17,1.69968,1.7858,3157,5557,901,13836,1759,774777
2016,18,1.57635,1.60144,2772,4729,746,11870,1742,741210
2016,19,1.3935,1.4743,2871,4046,665,10707,1690,726244
2016,20,1.29941,1.42286,2688,3630,643,9798,1626,688612
2016,21,1.18379,1.38196,2612,3126,618,8787,1439,635835
2016,22,1.13723,1.33712,2545,2620,532,7997,1482,598077
2016,23,1.04118,1.13894,2293,2313,518,7201,1446,632252
2016,24,0.971814,1.09641,2189,2171,466,6768,1440,617287
2016,25,0.863306,0.999559,2062,1905,386,6024,1402,602666
2016,26,0.833797,0.99095,1873,1810,384,5686,1382,573793
2016,27,0.784516,0.931253,1646,1641,383,5118,1379,549582
2016,28,0.734327,0.843118,1610,1599,383,5078,1392,602288
2016,29,0.698845,0.840286,1670,1621,375,5044,1388,600272
2016,30,0.723099,0.830065,1580,1624,323,4925,1393,593327
2016,31,0.663501,0.790428,1455,1496,315,4596,1360,581457
2016,32,0.69276,0.830826,1512,1639,319,4868,1329,585923
2016,33,0.710029,0.856796,1644,1914,306,5265,1345,614499
2016,34,0.834232,1.00746,1848,2364,349,6260,1356,621362
2016,35,0.992621,1.05868,1815,2651,341,6504,1354,614349
2016,36,1.01605,1.10028,1883,2604,381,6623,1347,601938
2016,37,1.07169,1.1457,2026,3073,452,7639,1365,666755
2016,38,1.10163,1.2189,2341,3298,438,8229,1363,675119
2016,39,1.18841,1.31113,2413,3334,483,8505,1389,648678
2016,40,1.2019,1.27386,3110,4169,643,10864,1946,852842
2016,41,1.23108,1.29342,3207,4078,678,10997,1973,850228
2016,42,1.26796,1.33097,3564,4452,695,11926,1983,896035
2016,43,1.36298,1.42662,3786,4769,700,12648,2006,886570
2016,44,1.48535,1.57071,4314,5287,715,13790,1999,877947
2016,45,1.55954,1.65146,4703,5193,758,14258,1990,863356
2016,46,1.64783,1.73309,4979,5610,829,15160,2000,874739
2016,47,1.91275,2.03388,5032,4567,867,14208,2011,698566
2016,48,1.81725,1.88331,5209,5655,1056,16605,2001,881694
2016,49,1.91433,2.00292,5501,5812,1047,16961,2013,846813
2016,50,2.21003,2.27731,5744,6724,1019,18463,2000,810736
2016,51,2.73568,2.91465,6653,7469,1421,21565,1977,739882
2016,52,3.36832,3.54919,7712,7144,2145,24900,1928,701569
2017,1,3.09689,3.08102,6716,6786,2230,24178,2024,784740
2017,2,3.07346,3.01875,6020,8843,2082,24897,1997,824746
2017,3,3.51643,3.40446,6399,12147,1930,28781,2029,845391
2017,4,3.8027,3.52869,6958,14073,1823,31265,2021,886023
2017,5,4.50313,4.10665,7452,17482,2093,36517,2024,889216
2017,6,5.06308,4.7551,8110,20150,2646,42890,2027,901978
2017,7,4.86009,4.65163,7726,18692,2637,41035,1967,882163
2017,8,4.57916,4.57049,7649,17300,2808,40124,1987,877892
2017,9,3.55674,3.45522,6129,12394,2181,30183,1995,873547
2017,10,3.50417,3.29505,5854,11552,1918,28060,1971,851580
2017,11,3.21511,3.16426,5503,10084,1780,25484,1958,805370
2017,12,3.10088,3.14433,5514,11503,1838,27354,1940,869946
2017,13,2.79056,2.87936,5145,10149,1624,24342,1899,845397
2017,14,2.38547,2.36977,4488,8178,1333,19677,1906,830332
2017,15,1.9703,1.93853,3909,5847,1171,15548,1861,802052
2017,16,1.73442,1.64064,3306,4683,993,13006,1845,792740
2017,17,1.56303,1.4752,2997,4497,928,11924,1846,808298
2017,18,1.4128,1.37755,2890,4105,717,10762,1795,781240
2017,19,1.27492,1.33771,2751,3831,721,10202,1767,762648
2017,20,1.2834,1.34686,2685,3518,709,9809,1746,728288
2017,21,1.16663,1.26579,2341,3060,647,8564,1614,676574
2017,22,1.10977,1.25701,2311,2575,583,7756,1569,617021
2017,23,1.04333,1.16048,2412,2377,591,7510,1493,647145
2017,24,0.905151,1.04834,2049,2099,547,6636,1470,633003
2017,25,0.902718,0.992711,1930,1971,498,6240,1469,628582
2017,26,0.859531,0.961603,1771,1748,467,5596,1422,581945
2017,27,0.818998,0.955818,1728,1564,418,5326,1456,557219
2017,28,0.752505,0.827597,1545,1578,372,4961,1405,599446
2017,29,0.731146,0.811886,1549,1421,419,4747,1384,584688
2017,30,0.733295,0.818527,1576,1515,376,4879,1377,596071
2017,31,0.73102,0.829758,1529,1485,433,4899,1390,590413
2017,32,0.68834,0.828503,1559,1481,390,4915,1386,593239
2017,33,0.732049,0.885896,1603,1691,412,5230,1350,590363
2017,34,0.911188,1.05351,1964,2549,411,6653,1379,631507
2017,35,1.02105,1.11768,2076,2726,503,7133,1370,638196
2017,36,1.09495,1.14028,2073,2488,555,7072,1384,620201
2017,37,1.09475,1.13326,2372,2942,628,8304,1485,732755
2017,38,1.09775,1.17589,2544,3075,655,8563,1484,728214
2017,39,1.18882,1.23848,2840,3201,640,9079,1468,733077
2017,40,1.26682,1.28278,3844,4553,875,12830,2205,1000168
2017,41,1.30662,1.33419,4120,4453,947,13269,2233,994535
2017,42,1.34866,1.41293,4409,4993,974,14319,2254,1013427
2017,43,1.51871,1.57884,5003,5529,1049,15826,2251,1002381
2017,44,1.74793,1.70723,5219,6133,1062,17068,2213,999750
2017,45,1.87047,1.86372,6108,6625,1129,18994,2278,1019146
2017,46,2.06674,2.09726,6805,7478,1354,21615,2281,1030631
2017,47,2.28188,2.34372,6945,5876,1445,19817,2264,845535
2017,48,2.28528,2.24895,7008,7476,1830,23755,2274,1056270
2017,49,2.5848,2.49852,7230,8491,1870,24979,2263,999753
2017,50,3.36711,3.20443,8297,11277,2333,31533,2255,984043
2017,51,4.71836,4.4305,10464,14164,3622,42664,2204,962961
2017,52,5.72036,5.46448,11301,11509,5080,44986,2122,823244
2018,1,5.77543,5.37416,9426,11748,5870,47282,2235,879802
2018,2,5.9083,5.54335,10082,17403,6246,56922,2251,1026852
2018,3,6.49095,6.34203,12004,21873,5551,62937,2277,992379
2018,4,7.17799,7.04897,13432,30671,6091,77468,2279,1098998
2018,5,7.52851,7.79783,14854,37252,5965,86095,2265,1104089
2018,6,7.38424,7.78892,15192,38457,5871,87646,2290,1125265
2018,7,6.46068,6.83583,13340,31984,5430,75987,2215,1111598
2018,8,4.95341,5.17354,10142,20394,4189,52961,2259,1023689
2018,9,3.67274,3.55184,7190,13370,2846,35932,2194,1011645
2018,10,3.2037,3.01348,6357,10841,2289,29109,2203,965961
2018,11,2.78869,2.73862,5590,9479,2121,25928,2188,946753
2018,12,2.50234,2.48438,5212,8635,1969,23785,2168,957380
2018,13,2.41065,2.36593,4722,7216,1743,20696,2131,874750
2018,14,2.07542,2.03306,4550,6211,1696,19067,2117,937849
2018,15,1.78234,1.8062,4148,5508,1449,16672,2076,923041
2018,16,1.61608,1.58958,3859,5269,1116,14892,2103,936850
2018,17,1.53992,1.54077,3725,5343,1101,14572,2079,945759
2018,18,1.53115,1.45326,3656,4810,992,13273,2005,913326
2018,19,1.29599,1.28242,3443,4132,902,11617,1922,905868
2018,20,1.18904,1.2243,3359,3766,799,11067,1966,903948
2018,21,1.24941,1.23385,3384,3429,866,10646,1883,862825
2018,22,1.14134,1.22391,3222,2982,734,9608,1789,785022
2018,23,0.988567,1.04866,2845,2551,654,8688,1783,828488
2018,24,0.895433,0.979381,2375,2242,658,7570,1738,772937
2018,25,0.892227,0.94819,2313,2161,616,7374,1759,777692
2018,26,0.877636,0.867741,2201,1906,626,6932,1720,798856
2018,27,0.77502,0.822957,2000,1862,549,6249,1764,759335
2018,28,0.725956,0.772384,1945,1900,587,6502,1769,841809
2018,29,0.68266,0.707466,1741,1720,469,5786,1732,817849
2018,30,0.640527,0.686508,1665,1643,463,5496,1728,800573
2018,31,0.64106,0.68859,1620,1772,454,5617,1708,815725
2018,32,0.706465,0.736093,1727,1786,476,5864,1670,796639
2018,33,0.708668,0.806323,1989,2172,478,6542,1705,811337
2018,34,0.825743,0.954211,2237,2467,515,7309,1601,765973
2018,35,0.864409,0.962249,2447,2836,542,8117,1661,843545
2018,36,1.10114,1.14153,2817,3346,621,9536,1693,835370
2018,37,1.15244,1.14726,2774,3659,689,10063,1689,877135
2018,38,1.20257,1.31197,3242,3950,729,11190,1666,852916
2018,39,1.25033,1.37701,3471,4185,669,11714,1694,850685
2018,40,1.41846,1.42429,4857,6300,1290,17839,2565,1252483
2018,41,1.40418,1.48151,5307,6250,1321,18561,2609,1252846
2018,42,1.47401,1.59449,5582,6799,1398,19930,2586,1249933
2018,43,1.64257,1.72683,6242,7478,1444,21616,2646,1251776
2018,44,1.79275,1.84522,6864,8285,1450,23154,2633,1254812
2018,45,1.87043,1.93069,7504,8448,1450,24073,2645,1246860
2018,46,1.98387,2.09114,7805,8050,1480,24347,2631,1164292
2018,47,2.24169,2.41082,8598,7193,1699,24612,2586,1020898
2018,48,2.14883,2.25019,8885,8787,2076,29080,2640,1292335
2018,49,2.25531,2.30458,8803,9269,1861,28356,2633,1230419
2018,50,2.64571,2.73758,10150,11373,1980,33098,2622,1209022
2018,51,3.14075,3.24643,11507,12811,2479,38236,2571,1177786
2018,52,3.97127,4.19267,13586,12026,3523,43904,2545,1047161
2019,1,3.46125,3.63499,11675,9557,4260,42094,2609,1158023
2019,2,3.07707,3.14077,9344,10744,3443,38752,2629,1233836
2019,3,3.32915,3.36551,9668,14248,2943,41109,2633,1221478
2019,4,3.81999,3.89305,10728,16925,2853,46113,2614,1184495
2019,5,4.3419,4.5253,11606,22188,3251,55187,2639,1219521
2019,6,4.88288,5.21525,13828,29688,4084,69442,2644,1331519
2019,7,5.04211,5.43173,14224,29223,4274,69978,2628,1288318
2019,8,4.88596,5.2776,13612,26456,4478,66345,2623,1257106
2019,9,4.5499,4.59585,11622,23450,4131,58735,2634,1278001
2019,10,4.38001,4.40341,11146,21736,4052,55348,2614,1256934
2019,11,4.2288,4.13279,10975,20065,4176,53133,2622,1285646
2019,12,3.68449,3.56166,9559,16537,3775,44786,2596,1257449
2019,13,3.08744,3.05634,8621,13608,3183,37844,2587,1238213
2019,14,2.69971,2.68251,7591,11757,2800,32905,2597,1226648
2019,15,2.28549,2.26747,6739,9988,2317,27803,2542,1226170
2019,16,2.01443,1.96931,6319,7894,1874,23122,2517,1174114
2019,17,1.7141,1.72372,5689,6617,1735,20583,2490,1194101
2019,18,1.56927,1.57693,5362,6203,1537,18848,2459,1195232
2019,19,1.49991,1.46086,4785,5903,1357,17096,2415,1170273
2019,20,1.50211,1.50759,4614,5488,1356,16349,2302,1084443
2019,21,1.42357,1.40452,4597,5227,1367,15747,2205,1121166
2019,22,1.39457,1.40617,4437,4659,1301,14770,2179,1050372
2019,23,1.21776,1.23921,3930,4110,1205,13433,2235,1083994
2019,24,1.11351,1.10622,3350,3607,1048,11618,2139,1050239
2019,25,0.992293,1.01351,3046,3282,928,10678,2141,1053569
2019,26,0.947072,0.959926,2940,3106,859,9986,2063,1040288
2019,27,0.876088,0.873735,2433,2676,768,8549,2111,978443
2019,28,0.809956,0.795831,2344,2660,737,8422,2090,1058265
2019,29,0.755431,0.768849,2219,2570,704,8111,2132,1054954
2019,30,0.73346,0.748185,2128,2451,615,7755,2117,1036508
2019,31,0.72729,0.758451,2348,2436,603,7874,2128,1038168
2019,32,0.754637,0.77011,2089,2384,758,8038,2146,1043747
2019,33,0.730938,0.834825,2630,2828,694,8987,2178,1076513
2019,34,0.840615,0.942052,2907,3501,716,10096,2147,1071703
2019,35,0.989217,1.07895,3394,4220,770,11817,2169,1095230
2019,36,1.14059,1.20634,3801,4535,868,13158,2189,1090741
2019,37,1.23272,1.2757,3905,5499,959,14831,2221,1162580
2019,38,1.24529,1.39156,4463,5673,1025,15977,2198,1148137
2019,39,1.33771,1.49698,4970,6104,1100,17414,2180,1163278
2019,40,1.49064,1.50415,6218,7658,1448,21915,2896,1456967
2019,41,1.59269,1.59823,6550,7638,1603,22953,2924,1436150
2019,42,1.72517,1.73838,7273,8277,1649,24857,2950,1429897
2019,43,1.83428,1.8605,7892,9349,1793,27419,2980,1473740
2019,44,2.04049,2.01425,8658,10068,1762,28910,2989,1435277
2019,45,2.39351,2.36364,10557,12551,1843,34586,3007,1463253
2019,46,2.63245,2.64431,11446,13671,1968,37728,2976,1426760
2019,47,2.91944,2.97548,12714,17049,2148,44148,2971,1483729
2019,48,3.41066,3.44787,14389,14717,2366,43817,2971,1270842
2019,49,3.2622,3.31577,13839,16389,2777,48877,2977,1474075
2019,50,3.94308,3.86928,14728,21877,2903,56444,2947,1458774
2019,51,5.06529,5.02757,17999,29177,3349,71584,2913,1423829
2019,52,7.06161,7.15315,24097,34004,5401,95757,2905,1338669
2020,1,5.91974,6.22926,21564,23383,6876,88681,2957,1423620
2020,2,4.94176,5.06974,15547,22747,5464,75585,2987,1490905
2020,3,5.33174,5.35782,16587,29657,4728,79746,2983,1488404
2020,4,6.08106,6.0261,18558,35216,4670,90072,2984,1494697
2020,5,6.74724,6.87271,20299,44117,5475,108307,2984,1575900
2020,6,6.7998,7.08261,20270,45491,5702,111289,2994,1571300
2020,7,6.11292,6.22068,17393,36909,5457,95418,2958,1533883
2020,8,5.55671,5.62148,15233,28328,5142,79832,2909,1420123
2020,9,5.12279,5.10226,13817,25487,5107,74809,2934,1466192
2020,10,5.26652,5.28928,13888,26396,5698,78779,2901,1489410
2020,11,5.67081,6.29229,14149,27752,6686,89571,2836,1423503
2020,12,6.38029,7.35285,10790,17512,6986,78584,2798,1068755
2020,13,4.91692,6.22687,5129,8322,6458,53142,2727,853431
2020,14,3.78625,4.82995,2359,4852,5380,36251,2684,750546
2020,15,2.80122,3.47366,1496,3426,4014,24974,2686,718953
2020,16,2.12879,2.57382,1068,2666,2926,18265,2666,709645
2020,17,1.73315,2.02032,926,2317,2293,15164,2652,750576
2020,18,1.40932,1.62094,864,2098,1896,12817,2624,790715
2020,19,1.18336,1.35262,729,1889,1622,11066,2611,818113
2020,20,1.11451,1.23819,788,1960,1449,10480,2601,846400
2020,21,1.00534,1.07598,1224,2402,1586,11735,2971,1090638
2020,22,0.88827,0.885843,805,1898,1461,9614,2950,1085294
2020,23,0.814062,0.819928,802,1969,1409,9325,2931,1137295
2020,24,0.836751,0.814575,881,2141,1378,9580,2902,1176074
2020,25,0.928456,0.950979,1006,2679,1471,11866,2935,1247767
2020,26,1.14217,1.20306,1216,3491,1902,15499,2896,1288294
2020,27,1.27401,1.38424,1395,3970,2223,17843,2897,1289006
2020,28,1.34951,1.47311,1545,4094,2632,20046,2918,1360798
2020,29,1.34471,1.43761,1658,4075,2436,19260,2894,1339726
2020,30,1.22153,1.21898,1634,3560,2145,16533,2953,1356301
2020,31,1.15258,1.15067,1609,3497,2114,15524,2992,1349125
2020,32,1.0626,1.05662,1570,3271,1938,14117,2956,1336052
2020,33,0.979884,0.981699,1592,3167,1758,13193,2978,1343895
2020,34,0.969202,0.961833,1804,3283,1666,12952,2930,1346595
2020,35,1.00022,0.970543,1866,3951,1489,13159,2967,1355839
2020,36,0.920817,0.919002,1759,3609,1479,12316,2921,1340149
2020,37,1.0355,0.978032,1999,3822,1446,13035,2915,1332779
2020,38,0.974333,0.955677,2070,3628,1487,13049,2943,1365420
2020,39,1.06462,1.03845,2286,4366,1578,14586,2941,1404590
2020,40,1.09211,1.08024,2454,4715,1844,16466,3246,1524289
2020,41,1.21201,1.19451,2558,5239,2320,19144,3318,1602667
2020,42,1.11151,1.09796,2313,4613,2101,17235,3301,1569727
2020,43,1.18662,1.15393,2454,4834,2174,18133,3330,1571417
2020,44,1.25262,1.18924,2512,4916,2292,18554,3421,1560158
2020,45,1.44427,1.33759,2726,5825,2453,21370,3425,1597645
2020,46,1.48969,1.37845,2776,5544,2873,22598,3391,1639379
2020,47,1.56064,1.43236,2692,5342,2895,22709,3334,1585429
2020,48,1.61944,1.49959,2484,4584,3192,21313,3333,1421255
2020,49,1.57347,1.44967,2597,4861,3135,22251,3339,1534905
2020,50,1.51939,1.42617,2504,4692,3321,22103,3358,1549810
2020,51,1.50599,1.39797,2482,4282,3145,20874,3299,1493163
2020,52,1.55485,1.45725,2323,3564,3404,19836,3301,1361197
2020,53,1.58903,1.53781,2583,3933,3668,22423,3280,1458113
2021,1,1.47519,1.4348,2414,4549,3413,22711,3316,1582870
2021,2,1.28752,1.2606,2297,3975,2830,19018,3278,1508647
2021,3,1.25172,1.21098,2566,4056,2542,18350,3315,1515305
2021,4,1.10177,1.12283,2558,3953,2237,16896,3324,1504764
2021,5,1.16565,1.08237,2636,4015,1927,16098,3295,1487296
2021,6,1.00609,0.975086,2552,3730,1572,14079,3246,1443873
2021,7,0.986101,0.907555,2318,3144,1503,12591,3256,1387354
2021,8,0.864388,0.860857,2543,3541,1521,13344,3276,1550083
2021,9,0.828056,0.842356,2771,3540,1347,13000,3278,1543291
2021,10,0.882103,0.902897,3218,3806,1371,14077,3284,1559093
2021,11,0.908033,0.939382,3514,3856,1359,14574,3227,1551445
2021,12,0.947577,0.96011,3817,3915,1354,15354,3201,1599192
2021,13,0.975225,0.998141,4116,4089,1265,15993,3257,1602279
2021,14,1.06101,1.07796,4731,4685,1355,18100,3277,1679101
2021,15,1.08091,1.1089,5227,4907,1383,19165,3282,1728295
2021,16,1.10326,1.1502,5763,5093,1451,19305,3248,1678407
2021,17,1.13361,1.1834,6326,5503,1418,20099,3256,1698411
2021,18,1.14992,1.20915,6822,5401,1288,19930,3227,1648268
2021,19,1.19092,1.25462,7365,5491,1308,20367,3214,1623366
2021,20,1.24677,1.26333,8352,5414,1333,21262,3193,1683010
2021,21,1.14504,1.19095,7953,4967,1175,19675,3141,1652047
2021,22,1.18454,1.25187,8502,4854,1240,20143,3140,1609033
2021,23,1.12943,1.14521,8096,4645,1222,19182,3110,1674977
2021,24,1.18866,1.18174,8503,4594,1189,19579,3068,1656791
2021,25,1.21202,1.21001,8514,4609,1301,19890,3057,1643793
2021,26,1.21342,1.21283,8369,4757,1291,20092,3055,1656615
2021,27,1.26676,1.32905,8719,5309,1508,22371,3055,1683237
2021,28,1.38728,1.44269,9193,5930,1710,25261,3067,1750965
2021,29,1.6475,1.70926,10371,7170,2149,30545,3067,1787028
2021,30,1.80199,1.91065,11132,8572,2628,35195,3050,1842048
2021,31,1.94952,2.05206,11102,8900,2883,37756,3050,1839909
2021,32,2.03548,2.15548,11264,10105,2917,40067,3042,1858843
2021,33,2.1918,2.30581,11801,12275,2893,42721,3029,1852756
2021,34,2.23897,2.30752,11982,13529,2826,43058,3028,1865986
2021,35,2.26643,2.25253,11745,13053,2623,40864,3027,1814136
2021,36,2.21298,2.21275,11705,12250,2645,39421,3021,1781535
2021,37,2.045,2.00464,11248,11578,2304,36193,3059,1805463
2021,38,1.90124,1.93759,10916,11380,2062,33976,3037,1753523
2021,39,1.8442,1.84367,10133,10040,1834,29949,2877,1624427
2021,40,2.04291,1.96951,13140,13154,2574,39535,3501,2007349
2021,41,1.94883,1.90695,13072,11985,2486,37638,3510,1973726
2021,42,1.92689,1.86187,12500,11458,2355,35714,3474,1918176
2021,43,1.9797,1.89376,12859,11888,2362,36639,3509,1934723
2021,44,2.13555,2.08777,13304,14454,2374,40030,3515,1917361
2021,45,2.26828,2.22941,14565,15840,2730,44163,3530,1980931
2021,46,2.41203,2.35687,14740,17358,2816,47076,3526,1997393
2021,47,2.51906,2.45867,14918,13401,3103,43324,3519,1762089
2021,48,2.55518,2.56351,15167,17353,4012,52729,3545,2056903
2021,49,2.73156,2.71846,14971,19971,3891,55069,3544,2025745
2021,50,3.14637,3.09823,16287,23450,3961,62545,3518,2018736
2021,51,4.00697,4.07867,18515,25073,5307,79225,3496,1942424
2021,52,4.90255,5.06901,24109,28952,8989,113862,3455,2246237
2022,1,4.32609,4.28066,17044,24738,7939,93262,3487,2178681
2022,2,3.53446,3.41579,12223,20214,6181,69183,3499,2025389
2022,3,2.80631,2.67796,9492,13268,4547,48498,3503,1811003
2022,4,2.07428,1.97776,7309,9526,3516,34810,3485,1760073
2022,5,1.68283,1.56091,6082,7748,2552,25831,3415,1654872
2022,6,1.44399,1.34542,6395,7610,2155,23731,3474,1763832
2022,7,1.49042,1.37085,6917,8500,1801,23946,3474,1746795
2022,8,1.46656,1.37026,7057,8330,1768,23609,3472,1722955
2022,9,1.58712,1.42301,7423,9830,1676,25801,3470,1813130
2022,10,1.70414,1.54683,8210,11085,1771,28077,3485,1815133
2022,11,1.83426,1.67881,9042,12124,2077,31359,3454,1867926
2022,12,1.87437,1.73443,9302,12648,2166,32423,3449,1869370
2022,13,1.97666,1.85462,9613,13660,2406,34822,3443,1877580
2022,14,2.07192,1.99404,10562,15187,2550,38144,3453,1912899
2022,15,2.16356,2.12964,11336,16095,2829,40966,3446,1923613
2022,16,2.20516,2.1833,11734,15748,3117,42086,3457,1927635
2022,17,2.30897,2.21509,12070,16372,3282,43420,3426,1960190
2022,18,2.36195,2.4143,12835,18631,3323,47799,3394,1979830
2022,19,2.55252,2.60892,14243,19989,3815,52025,3376,1994121
2022,20,2.4544,2.60434,15055,20746,3835,54081,3414,2076569
2022,21,2.39129,2.66831,14561,19982,3665,52385,3351,1963229
2022,22,2.43334,2.64646,15809,17507,3903,51863,3345,1959711
2022,23,2.16338,2.29329,14154,13726,3765,45240,3342,1972714
2022,24,1.9885,2.0741,12858,11205,3581,40250,3302,1940597
2022,25,1.87681,1.91807,11865,9933,3620,37830,3355,1972297
2022,26,1.80431,1.80208,11066,8513,3460,34566,3237,1918113
2022,27,1.8187,1.79307,10580,8593,3733,34983,3345,1951013
2022,28,1.67889,1.66869,9525,8111,3505,33011,3313,1978256
2022,29,1.66049,1.64913,9361,8116,3432,32611,3313,1977461
2022,30,1.67087,1.64799,9153,7859,3487,32040,3289,1944189
2022,31,1.53015,1.5292,8659,7476,3107,29641,3305,1938338
2022,32,1.51566,1.51741,8329,7813,2880,28642,3198,1887562
2022,33,1.60511,1.61916,9479,9934,2681,31572,3293,1949894
2022,34,1.83833,1.81145,10792,12593,2593,35787,3280,1975601
2022,35,1.96617,1.89564,11524,13887,2452,37513,3260,1978914
2022,36,2.02613,1.94934,12548,13475,2632,38334,3290,1966513
2022,37,2.04444,1.97433,13405,14610,2454,39838,3322,2017799
2022,38,2.29157,2.19998,15939,16713,2492,44726,3334,2033022
2022,39,2.37316,2.29832,17080,16825,2676,46321,3353,2015431
2022,40,2.61928,2.59379,18503,20141,3862,57318,3684,2209814
2022,41,2.97342,2.85133,20623,22779,4073,63388,3720,2223106
2022,42,3.33747,3.31688,23713,28368,4512,75615,3726,2279700
2022,43,4.40914,4.4466,32012,45003,5858,109496,3788,2462467
2022,44,5.46044,5.54702,37474,61015,6829,139247,3776,2510305
2022,45,5.77391,5.67263,38651,57053,7619,140055,3793,2468962
2022,46,5.95367,5.73531,34849,55229,8498,137419,3777,2396019
2022,47,7.46674,7.37142,39539,62925,12439,164936,3765,2237505
2022,48,7.22916,7.24012,38495,63623,16887,185673,3767,2564503
2022,49,6.83803,6.82928,32316,62563,15034,167248,3750,2448985
2022,50,6.32716,6.46231,28976,55613,13570,151672,3751,2347026
2022,51,5.98024,6.1412,25500,41624,13703,129978,3715,2116491
2022,52,5.33738,5.46656,22891,27251,15454,112531,3703,2058533
2023,1,3.94632,4.07732,16651,21006,13166,92034,3740,2257219
2023,2,2.95379,3.05773,12231,18061,8381,67720,3737,2214718
2023,3,2.64461,2.70671,11720,16915,6291,57770,3730,2134322
2023,4,2.63254,2.67225,12170,18680,5353,58231,3716,2179097
2023,5,2.58785,2.68591,12686,19751,5270,59326,3734,2208786
2023,6,2.59797,2.70465,13271,20964,5633,62258,3735,2301891
2023,7,2.57397,2.6371,13127,19818,5402,59665,3695,2262519
2023,8,2.53338,2.58651,13478,18410,5401,57223,3719,2212367
2023,9,2.41141,2.44348,12693,18281,5090,55682,3725,2278801
2023,10,2.36135,2.40445,12840,18388,4714,54686,3722,2274369
2023,11,2.35552,2.43524,13086,17814,4801,54263,3713,2228243
2023,12,2.31452,2.41343,13043,18685,4695,55394,3665,2295244
2023,13,2.26061,2.34891,12413,18078,4638,53342,3688,2270922
2023,14,2.13495,2.20628,11586,15673,4337,48355,3680,2191695
2023,15,2.01808,2.0726,11151,14832,4337,46725,3665,2254413
2023,16,1.91773,1.95437,9912,14788,4058,44507,3680,2277306
2023,17,1.91233,1.97315,10041,15803,3649,44802,3677,2270577
2023,18,1.95706,2.0174,10013,16115,3947,45582,3652,2259439
2023,19,1.92178,1.99349,10187,16725,3718,45769,3654,2295923
2023,20,1.88696,1.96616,9740,15517,3458,43287,3653,2201602
2023,21,1.83831,1.91398,9389,14611,3490,41516,3518,2169098
2023,22,1.85243,1.93826,9568,14220,3543,41589,3601,2145684
2023,23,1.58197,1.69283,8309,11628,3426,36939,3583,2182091
2023,24,1.49009,1.57462,7741,10223,3180,33880,3589,2151633
2023,25,1.36698,1.44401,6998,8941,2987,30889,3582,2139112
2023,26,1.276,1.32385,6388,8012,2910,28486,3539,2151758
2023,27,1.23501,1.29091,5944,7475,2817,26648,3569,2064286
2023,28,1.16269,1.20177,5608,7043,2760,25903,3542,2155400
2023,29,1.12962,1.19268,5718,6836,2841,25802,3560,2163359
2023,30,1.1716,1.23085,5812,7046,2947,26417,3551,2146245
2023,31,1.20886,1.26099,5678,6966,3000,26896,3542,2132922
2023,32,1.28069,1.35931,5982,7764,3365,29313,3521,2156467
2023,33,1.45906,1.53965,6688,9759,3641,33663,3533,2186399
2023,34,1.72129,1.8262,8234,13151,4038,40979,3524,2243946
2023,35,1.95643,1.97735,8980,14664,4345,44411,3537,2245988
2023,36,2.02622,2.0246,9546,14159,4589,44734,3538,2209523
2023,37,1.95721,1.99147,9485,14904,4401,45287,3558,2274050
2023,38,2.04894,2.13438,10912,16162,4510,48265,3558,2261308
2023,39,2.10325,2.17945,11376,16110,4550,49269,3552,2260617
2023,40,2.29409,2.25965,13515,18996,5054,56295,4128,2491313
2023,41,2.35629,2.31301,14420,18595,5096,57506,4148,2486196
2023,42,2.54523,2.51545,15718,20300,6195,62492,4133,2484323
2023,43,2.73438,2.68179,16984,22379,6712,67621,4158,2521484
2023,44,2.97587,2.91437,17798,24800,6695,72220,4153,2478067
2023,45,3.4444,3.32746,21463,29459,7755,85435,4149,2567575
2023,46,3.72689,3.5745,22022,30835,8424,90918,4152,2543517
2023,47,3.96686,3.78988,22394,25934,8416,85502,4165,2256063
2023,48,4.06965,3.96215,22639,30321,11207,103640,4138,2615751
2023,49,4.42663,4.3563,23350,38095,11371,114030,4101,2617588
2023,50,5.23245,5.20845,26071,48250,12571,135892,4117,2609070
2023,51,6.29572,6.31279,29762,53470,16624,163209,4088,2585371
2023,52,6.8592,6.90688,31481,41777,21711,166692,4080,2413419
2024,1,5.77064,5.76466,24673,32305,19380,143896,4106,2496177
2024,2,4.71362,4.75563,18145,31387,15393,118416,4105,2490019
2024,3,4.37578,4.35186,16151,29114,11559,100021,4115,2298349
2024,4,4.29221,4.22583,16221,34337,10652,105485,4139,2496196
2024,5,4.46959,4.28039,17262,38505,10056,107829,4121,2519137
2024,6,4.51087,4.40275,17960,41731,10047,112889,4124,2564056
2024,7,4.40285,4.33686,17397,38911,9967,108271,4112,2496527
2024,8,4.38166,4.32491,17657,37044,10182,107461,4105,2484697
2024,9,4.10029,4.08159,17331,35943,9916,104792,4104,2567431
2024,10,3.75989,3.73457,16496,33089,8823,94727,4108,2536489
2024,11,3.4346,3.40127,15875,29127,7744,84912,4047,2496480
2024,12,3.11693,3.15481,15096,26538,7127,78607,4101,2491652
2024,13,2.9996,3.03476,14433,23555,7110,73839,4094,2433109
2024,14,2.79499,2.83371,13917,20515,6787,68518,4069,2417957
2024,15,2.5645,2.59337,13266,19720,6378,64442,4083,2484876
2024,16,2.27006,2.29456,11842,18298,5768,57470,4069,2504615
2024,17,2.21325,2.24482,11395,18174,5289,55375,4042,2466789
2024,18,2.12639,2.14462,10942,17608,5125,53285,3996,2484589
2024,19,2.03166,2.03981,10144,16453,5000,50155,4041,2458810
2024,20,1.99982,2.03166,10317,15717,4984,49208,3996,2422054
2024,21,1.91583,1.95411,9824,14657,4953,47410,3955,2426165
2024,22,1.90331,1.92181,9659,13367,4942,44719,3942,2326921
2024,23,1.68337,1.72702,8268,11477,4905,41219,3913,2386712
2024,24,1.60335,1.60623,7418,10221,4629,37685,3902,2346172
2024,25,1.51185,1.54834,6718,9026,4675,35708,3887,2306211
2024,26,1.48758,1.50844,6240,9031,4670,35032,3784,2322393
2024,27,1.3943,1.45138,5710,7920,4660,31648,3738,2180550
